feature,rf_importance
hour,0.44303582199923036
day,0.3665530522112364
weekday,0.14244173578593622
is_weekend,0.014835063066898649
time_segment_night,0.011272497270732314
time_segment_afternoon,0.01115655285708568
time_segment_morning,0.01070527680888031
