feature,permutation_mean
hour,0.03813333333333335
is_weekend,0.012266666666666677
day,0.010133333333333343
time_segment_afternoon,-0.00853333333333334
time_segment_morning,-0.00853333333333334
weekday,-0.012800000000000011
time_segment_night,-0.016000000000000014
