feature,mutual_info
day,0.017540759045121687
hour,0.011203396394487367
weekday,0.004912605472351478
is_weekend,0.0010045981285911054
time_segment_afternoon,7.847427413673613e-05
time_segment_night,6.982673152203245e-05
time_segment_morning,1.604620700201842e-08
