feature,logreg_abs_coef
is_weekend,0.32382349877213923
hour,0.08190405502793893
weekday,0.048435942774215895
time_segment_morning,0.04425171119615709
time_segment_afternoon,0.01948499096391281
day,0.013445103172353
time_segment_night,0.008756531021916932
