feature,rf_importance
hour,0.47170904545736164
day,0.3408409991103394
weekday,0.13288412852759646
time_segment_night,0.02228690220504943
time_segment_morning,0.019578087559765922
is_weekend,0.012700837139887077
