feature,permutation_mean
hour,0.029600000000000005
day,0.01120000000000001
time_segment_morning,0.00853333333333334
is_weekend,0.008266666666666674
time_segment_night,0.0034666666666666695
weekday,-0.015200000000000014
