feature,logreg_abs_coef
is_weekend,0.3233942006170689
hour,0.08222546515263078
weekday,0.048299403268454555
time_segment_morning,0.02634587825019353
day,0.013401544088670593
time_segment_night,0.009282815019560875
