{
  "accuracy": 0.555,
  "precision": 0.6726854273459567,
  "recall": 0.555,
  "f1": 0.5970393851490775
}